{"__symbolic":"module","version":1,"metadata":{"LoginPage":{"__symbolic":"class","decorators":[{"__symbolic":"call","expression":{"__symbolic":"reference","module":"@angular/core","name":"Component"},"arguments":[{"selector":"page-login","templateUrl":"login.html"}]}],"members":{"__ctor__":[{"__symbolic":"constructor","parameters":[{"__symbolic":"reference","module":"ionic-angular","name":"Platform"},{"__symbolic":"reference","module":"ionic-angular","name":"NavController"},{"__symbolic":"reference","module":"ionic-angular","name":"ViewController"},{"__symbolic":"reference","module":"@angular/forms","name":"FormBuilder"},{"__symbolic":"reference","module":"../../services/insta-service","name":"InstaService"},{"__symbolic":"reference","module":"ionic-angular","name":"AlertController"},{"__symbolic":"reference","module":"ionic-angular","name":"LoadingController"},{"__symbolic":"reference","module":"ionic-angular","name":"NavParams"},{"__symbolic":"reference","module":"ionic-angular","name":"Events"}]}],"startTouchID":[{"__symbolic":"method"}],"rememberMe":[{"__symbolic":"method"}],"loginWithTouchID":[{"__symbolic":"method"}],"login":[{"__symbolic":"method"}]},"statics":{"SS":"app_storage","SS_USER_KEY":"logonUser"}}}}