{"__symbolic":"module","version":1,"metadata":{"AboutPage":{"__symbolic":"class","decorators":[{"__symbolic":"call","expression":{"__symbolic":"reference","module":"@angular/core","name":"Component"},"arguments":[{"selector":"page-about","templateUrl":"about.html"}]}],"members":{"__ctor__":[{"__symbolic":"constructor","parameters":[{"__symbolic":"reference","module":"ionic-angular","name":"Platform"},{"__symbolic":"reference","module":"ionic-angular","name":"NavController"},{"__symbolic":"reference","module":"@angular/http","name":"Http"},{"__symbolic":"reference","module":"ionic-angular","name":"AlertController"}]}],"showHelp":[{"__symbolic":"method"}]}}}}