{"__symbolic":"module","version":1,"metadata":{"HomePage":{"__symbolic":"class","decorators":[{"__symbolic":"call","expression":{"__symbolic":"reference","module":"@angular/core","name":"Component"},"arguments":[{"selector":"page-home","templateUrl":"home.html"}]}],"members":{"__ctor__":[{"__symbolic":"constructor","parameters":[{"__symbolic":"reference","module":"ionic-angular","name":"Platform"},{"__symbolic":"reference","module":"ionic-angular","name":"NavController"},{"__symbolic":"reference","module":"ionic-angular","name":"ModalController"},{"__symbolic":"reference","module":"../../services/insta-service","name":"InstaService"},{"__symbolic":"reference","module":"ionic-angular","name":"AlertController"},{"__symbolic":"reference","module":"ionic-angular","name":"LoadingController"}]}],"showLoginPage":[{"__symbolic":"method"}],"startLogin":[{"__symbolic":"method"}]}}}}