{"__symbolic":"module","version":1,"metadata":{"HighchartsChartComponent":{"__symbolic":"class","decorators":[{"__symbolic":"call","expression":{"__symbolic":"reference","module":"@angular/core","name":"Component"},"arguments":[{"selector":"highcharts-chart","template":"\n        <div #theChart style=\"width: 100%;\"></div>    \n    "}]}],"members":{"theChart":[{"__symbolic":"property","decorators":[{"__symbolic":"call","expression":{"__symbolic":"reference","module":"@angular/core","name":"ViewChild"},"arguments":["theChart"]}]}],"__ctor__":[{"__symbolic":"constructor"}],"render":[{"__symbolic":"method"}],"createGuid":[{"__symbolic":"method"}],"s4":[{"__symbolic":"method"}]}}}}