{"__symbolic":"module","version":1,"metadata":{"ChartModalPage":{"__symbolic":"class","decorators":[{"__symbolic":"call","expression":{"__symbolic":"reference","module":"@angular/core","name":"Component"},"arguments":[{"templateUrl":"chart-modal.html"}]}],"members":{"bubbleChart":[{"__symbolic":"property","decorators":[{"__symbolic":"call","expression":{"__symbolic":"reference","module":"@angular/core","name":"ViewChild"},"arguments":["bubbleChart"]}]}],"__ctor__":[{"__symbolic":"constructor","parameters":[{"__symbolic":"reference","module":"ionic-angular","name":"Platform"},{"__symbolic":"reference","module":"ionic-angular","name":"NavParams"},{"__symbolic":"reference","module":"ionic-angular","name":"NavController"}]}],"ionViewDidLoad":[{"__symbolic":"method"}],"ionViewWillUnload":[{"__symbolic":"method"}],"ionViewDidEnter":[{"__symbolic":"method"}],"ionViewDidLeave":[{"__symbolic":"method"}],"dismiss":[{"__symbolic":"method"}]}}}}