{"__symbolic":"module","version":1,"metadata":{"DashboardPage":{"__symbolic":"class","decorators":[{"__symbolic":"call","expression":{"__symbolic":"reference","module":"@angular/core","name":"Component"},"arguments":[{"templateUrl":"dashboard.html"}]}],"members":{"chartRatingBandExposures":[{"__symbolic":"property","decorators":[{"__symbolic":"call","expression":{"__symbolic":"reference","module":"@angular/core","name":"ViewChild"},"arguments":["chartRatingBandExposures"]}]}],"chartHistoricalExposures":[{"__symbolic":"property","decorators":[{"__symbolic":"call","expression":{"__symbolic":"reference","module":"@angular/core","name":"ViewChild"},"arguments":["chartHistoricalExposures"]}]}],"chartTeamExposures":[{"__symbolic":"property","decorators":[{"__symbolic":"call","expression":{"__symbolic":"reference","module":"@angular/core","name":"ViewChild"},"arguments":["chartTeamExposures"]}]}],"__ctor__":[{"__symbolic":"constructor","parameters":[{"__symbolic":"reference","module":"ionic-angular","name":"Platform"},{"__symbolic":"reference","module":"ionic-angular","name":"NavController"},{"__symbolic":"reference","module":"ionic-angular","name":"ModalController"},{"__symbolic":"reference","module":"../../services/insta-service","name":"InstaService"},{"__symbolic":"reference","module":"ionic-angular","name":"AlertController"},{"__symbolic":"reference","module":"ionic-angular","name":"LoadingController"}]}],"ionViewDidLoad":[{"__symbolic":"method"}],"setFabPosition":[{"__symbolic":"method"}],"ionViewDidEnter":[{"__symbolic":"method"}],"ionViewDidLeave":[{"__symbolic":"method"}],"renderBubbleChart":[{"__symbolic":"method"}],"zoomInChartRatingBand":[{"__symbolic":"method"}],"zoomInChartTeam":[{"__symbolic":"method"}],"zoomInChartHistorical":[{"__symbolic":"method"}],"ngOnInit":[{"__symbolic":"method"}],"refreshDashboard":[{"__symbolic":"method"}],"getAllDashboardData":[{"__symbolic":"method"}],"renderAllCharts":[{"__symbolic":"method"}],"randomCssRgba":[{"__symbolic":"method"}],"randomNumber":[{"__symbolic":"method"}],"chartDataExposuresAndExpectedLosses":[{"__symbolic":"method"}],"chartDataHistoricalExposuresAndExpectedLosses":[{"__symbolic":"method"}]},"statics":{"RATING_BAND":"Rating Band","TEAM":"Team"}}}}