{"__symbolic":"module","version":1,"metadata":{"InstaService":{"__symbolic":"class","decorators":[{"__symbolic":"call","expression":{"__symbolic":"reference","module":"@angular/core","name":"Injectable"}}],"members":{"__ctor__":[{"__symbolic":"constructor","parameters":[{"__symbolic":"reference","module":"@angular/http","name":"Http"}]}],"getAppConfig":[{"__symbolic":"method"}],"getRankedCounterpartiesByNameQuery":[{"__symbolic":"method"}],"getRankedCounterparties":[{"__symbolic":"method"}],"getCounterpartyDetail":[{"__symbolic":"method"}],"MOCK_getCounterpartyCurrentLimitsAndExposures":[{"__symbolic":"method"}],"getCounterpartyCurrentLimitsAndExposures":[{"__symbolic":"method"}],"MOCK_getCounterpartyCaFiles":[{"__symbolic":"method"}],"getCounterpartyCaFiles":[{"__symbolic":"method"}],"MOCK_getCounterpartyCaFileBase64":[{"__symbolic":"method"}],"getCounterpartyCaFileBase64":[{"__symbolic":"method"}],"MOCK_getExposuresAndLimitsGroupByRatingBand":[{"__symbolic":"method"}],"getExposuresAndLimitsGroupByRatingBand":[{"__symbolic":"method"}],"MOCK_getExposuresAndLimitsGroupByTeam":[{"__symbolic":"method"}],"getExposuresAndLimitsGroupByTeam":[{"__symbolic":"method"}],"getHistoricalExposuresAndExpectedLosses":[{"__symbolic":"method"}],"getTopCounterpartyExposures":[{"__symbolic":"method"}],"setServiceCredential":[{"__symbolic":"method"}],"authenticate":[{"__symbolic":"method"}],"createSoapRequest":[{"__symbolic":"method"}],"createHeaders":[{"__symbolic":"method"}],"getData":[{"__symbolic":"method"}],"handleError":[{"__symbolic":"method"}]},"statics":{"APP_CONFIG":"appconfig/appconfig.json","XML_ESCAPE_MAP":{"&":"&amp;","\"":"&quot;","'":"&apos;","<":"&lt;",">":"&gt;"},"encodeXml":{"__symbolic":"function","parameters":["value"],"value":{"__symbolic":"error","message":"Expression form not supported","line":193,"character":29}}}}}}