{"__symbolic":"module","version":1,"metadata":{"BubbleChartComponent":{"__symbolic":"class","decorators":[{"__symbolic":"call","expression":{"__symbolic":"reference","module":"@angular/core","name":"Component"},"arguments":[{"selector":"bubble-chart","template":"<div style=\"width: 100%;\" #bubblechart id=\"bubblechart\" >\n    </div>\n    "}]}],"members":{"bubbleChart":[{"__symbolic":"property","decorators":[{"__symbolic":"call","expression":{"__symbolic":"reference","module":"@angular/core","name":"ViewChild"},"arguments":["bubblechart"]}]}],"__ctor__":[{"__symbolic":"constructor"}],"render":[{"__symbolic":"method"}],"getTooltip":[{"__symbolic":"method"}],"randomCssRgba":[{"__symbolic":"method"}],"randomNumber":[{"__symbolic":"method"}],"heatmapColors":[{"__symbolic":"method"}]}}}}