{"__symbolic":"module","version":1,"metadata":{"CounterpartyInfoPage":{"__symbolic":"class","decorators":[{"__symbolic":"call","expression":{"__symbolic":"reference","module":"@angular/core","name":"Component"},"arguments":[{"templateUrl":"counterparty-info.html","providers":[{"__symbolic":"reference","module":"../../services/counterparty-service","name":"CounterpartyService"}]}]}],"members":{"chartLimitsAndExposures":[{"__symbolic":"property","decorators":[{"__symbolic":"call","expression":{"__symbolic":"reference","module":"@angular/core","name":"ViewChild"},"arguments":["chartLimitsAndExposures"]}]}],"__ctor__":[{"__symbolic":"constructor","parameters":[{"__symbolic":"reference","module":"ionic-angular","name":"NavController"},{"__symbolic":"reference","module":"ionic-angular","name":"App"},{"__symbolic":"reference","module":"../../services/insta-service","name":"InstaService"},{"__symbolic":"reference","module":"ionic-angular","name":"PopoverController"},{"__symbolic":"reference","module":"ionic-angular","name":"ActionSheetController"},{"__symbolic":"reference","module":"ionic-angular","name":"ModalController"},{"__symbolic":"reference","module":"../../services/counterparty-service","name":"CounterpartyService"},{"__symbolic":"reference","module":"ionic-angular","name":"AlertController"},{"__symbolic":"reference","module":"ionic-angular","name":"LoadingController"},{"__symbolic":"reference","module":"ionic-angular","name":"ToastController"},{"__symbolic":"reference","module":"ionic-angular","name":"NavParams"}]}],"ngOnInit":[{"__symbolic":"method"}],"refreshCounterpartyInfo":[{"__symbolic":"method"}],"showLimitsAndExposures":[{"__symbolic":"method"}],"showCaFiles":[{"__symbolic":"method"}],"showCaActionSheet":[{"__symbolic":"method"}],"getLimitsExposuresChartData":[{"__symbolic":"method"}],"zoomInChartLimitsAndExposures":[{"__symbolic":"method"}],"renderAllCharts":[{"__symbolic":"method"}]}}}}