{"__symbolic":"module","version":1,"metadata":{"CounterpartyCaPage":{"__symbolic":"class","decorators":[{"__symbolic":"call","expression":{"__symbolic":"reference","module":"@angular/core","name":"Component"},"arguments":[{"templateUrl":"counterparty-ca.html"}]}],"members":{"__ctor__":[{"__symbolic":"constructor","parameters":[{"__symbolic":"reference","module":"ionic-angular","name":"NavController"},{"__symbolic":"reference","module":"../../services/insta-service","name":"InstaService"},{"__symbolic":"reference","module":"ionic-angular","name":"AlertController"},{"__symbolic":"reference","module":"ionic-angular","name":"LoadingController"},{"__symbolic":"reference","module":"ionic-angular","name":"ToastController"},{"__symbolic":"reference","module":"ionic-angular","name":"NavParams"}]}],"ngOnInit":[{"__symbolic":"method"}],"openDoc":[{"__symbolic":"method"}],"openDocument":[{"__symbolic":"method"}]}}}}