{"__symbolic":"module","version":1,"metadata":{"CounterpartySearchPage":{"__symbolic":"class","decorators":[{"__symbolic":"call","expression":{"__symbolic":"reference","module":"@angular/core","name":"Component"},"arguments":[{"templateUrl":"counterparty-search.html","providers":[{"__symbolic":"reference","module":"../../services/counterparty-service","name":"CounterpartyService"}]}]}],"members":{"__ctor__":[{"__symbolic":"constructor","parameters":[{"__symbolic":"reference","module":"ionic-angular","name":"NavController"},{"__symbolic":"reference","module":"@angular/http","name":"Http"},{"__symbolic":"reference","module":"../../services/counterparty-service","name":"CounterpartyService"},{"__symbolic":"reference","module":"../../services/insta-service","name":"InstaService"},{"__symbolic":"reference","module":"ionic-angular","name":"AlertController"},{"__symbolic":"reference","module":"ionic-angular","name":"LoadingController"},{"__symbolic":"reference","module":"ionic-angular","name":"ToastController"}]}],"ionViewDidLoad":[{"__symbolic":"method"}],"refreshSearch":[{"__symbolic":"method"}],"clearSearchResult":[{"__symbolic":"method"}],"isSearchTokenValid":[{"__symbolic":"method"}],"searchClick":[{"__symbolic":"method"}],"searchCounterparties":[{"__symbolic":"method"}],"itemTapped":[{"__symbolic":"method"}]}}}}