{"__symbolic":"module","version":1,"metadata":{"AppModule":{"__symbolic":"class","decorators":[{"__symbolic":"call","expression":{"__symbolic":"reference","module":"@angular/core","name":"NgModule"},"arguments":[{"declarations":[{"__symbolic":"reference","module":"./app.component","name":"MyApp"},{"__symbolic":"reference","module":"../pages/login/login","name":"LoginPage"},{"__symbolic":"reference","module":"../pages/about/about","name":"AboutPage"},{"__symbolic":"reference","module":"../pages/contact/contact","name":"ContactPage"},{"__symbolic":"reference","module":"../pages/home/home","name":"HomePage"},{"__symbolic":"reference","module":"../pages/counterparty-search/counterparty-search","name":"CounterpartySearchPage"},{"__symbolic":"reference","module":"../pages/counterparty-info/counterparty-info","name":"CounterpartyInfoPage"},{"__symbolic":"reference","module":"../pages/counterparty-ca/counterparty-ca","name":"CounterpartyCaPage"},{"__symbolic":"reference","module":"../pages/dashboard/dashboard","name":"DashboardPage"},{"__symbolic":"reference","module":"../pages/chart-modal/chart-modal","name":"ChartModalPage"},{"__symbolic":"reference","module":"../pages/tabs/tabs","name":"TabsPage"},{"__symbolic":"reference","module":"../components/bubble-chart/bubble-chart","name":"BubbleChartComponent"},{"__symbolic":"reference","module":"../components/highcharts-chart/highcharts-chart","name":"HighchartsChartComponent"}],"imports":[{"__symbolic":"call","expression":{"__symbolic":"select","expression":{"__symbolic":"reference","module":"ionic-angular","name":"IonicModule"},"member":"forRoot"},"arguments":[{"__symbolic":"reference","module":"./app.component","name":"MyApp"}]},{"__symbolic":"call","expression":{"__symbolic":"select","expression":{"__symbolic":"reference","module":"@ng-idle/keepalive","name":"NgIdleKeepaliveModule"},"member":"forRoot"}}],"bootstrap":[{"__symbolic":"reference","module":"ionic-angular","name":"IonicApp"}],"entryComponents":[{"__symbolic":"reference","module":"./app.component","name":"MyApp"},{"__symbolic":"reference","module":"../pages/login/login","name":"LoginPage"},{"__symbolic":"reference","module":"../pages/about/about","name":"AboutPage"},{"__symbolic":"reference","module":"../pages/contact/contact","name":"ContactPage"},{"__symbolic":"reference","module":"../pages/home/home","name":"HomePage"},{"__symbolic":"reference","module":"../pages/counterparty-search/counterparty-search","name":"CounterpartySearchPage"},{"__symbolic":"reference","module":"../pages/counterparty-info/counterparty-info","name":"CounterpartyInfoPage"},{"__symbolic":"reference","module":"../pages/counterparty-ca/counterparty-ca","name":"CounterpartyCaPage"},{"__symbolic":"reference","module":"../pages/dashboard/dashboard","name":"DashboardPage"},{"__symbolic":"reference","module":"../pages/chart-modal/chart-modal","name":"ChartModalPage"},{"__symbolic":"reference","module":"../pages/tabs/tabs","name":"TabsPage"}],"providers":[{"__symbolic":"reference","module":"../services/insta-service","name":"InstaService"}]}]}]}}}