{"__symbolic":"module","version":1,"metadata":{"MyApp":{"__symbolic":"class","decorators":[{"__symbolic":"call","expression":{"__symbolic":"reference","module":"@angular/core","name":"Component"},"arguments":[{"template":"<ion-nav #myNav [root]=\"rootPage\"></ion-nav>"}]}],"members":{"nav":[{"__symbolic":"property","decorators":[{"__symbolic":"call","expression":{"__symbolic":"reference","module":"@angular/core","name":"ViewChild"},"arguments":["myNav"]}]}],"__ctor__":[{"__symbolic":"constructor","parameters":[{"__symbolic":"reference","module":"ionic-angular","name":"Platform"},{"__symbolic":"reference","module":"@ng-idle/core","name":"Idle"},{"__symbolic":"reference","module":"@ng-idle/keepalive","name":"Keepalive"},{"__symbolic":"reference","module":"ionic-angular","name":"Events"}]}],"reset":[{"__symbolic":"method"}]}}}}